,0,Title,Year,Rated,Runtime,Writer,Plot,Language,imdbRating,imdbVotes,imdbID,Rotten Tomatoes,Metacritic,Series,Released_season,Released_month,Released_day,PG_Rating,Available_languages,Oscars_won,Oscars_nominated,Golden_globe_won,Golden_globe_nominated
1031,tt0800175,,,,,,,,,,,,,,,,,,,,,,
2170,tt0720339,,,,,,,,,,,,,,,,,,,,,,
3457,tt0439663,,,,,,,,,,,,,,,,,,,,,,
4121,tt0257001,,,,,,,,,,,,,,,,,,,,,,
5533,tt0266860,,,,,,,,,,,,,,,,,,,,,,
5557,tt0313487,,,,,,,,,,,,,,,,,,,,,,
6102,tt0383974,,,,,,,,,,,,,,,,,,,,,,
8060,tt0134948,,,,,,,,,,,,,,,,,,,,,,
8078,tt1233247,,,,,,,,,,,,,,,,,,,,,,
